,title,link,area,price,year,km,image
0,Suzuki/Jimny 2020款 1.5L,https://www.8891.com.tw/usedauto-infos-3376360.html?display__sale_code=&flow_id=02fd6171-d5d7-479d-8cb4-d532efeeb194,桃園市,99.8萬,2020年,3.0萬km,https://p2.8891.com.tw/2022/06/08/1654682501660712_220_165.jpg
1,Suzuki/Jimny 2015款 1.3L,https://www.8891.com.tw/usedauto-infos-3376151.html?display__sale_code=&flow_id=dcc80319-dea3-4dea-8c45-dda855663750,新北市,46.8萬,2015年,7.9萬km,https://p1.8891.com.tw/2023/01/20/1674152977325607_220_165.jpg
2,Suzuki/Jimny 2022款 1.5L,https://www.8891.com.tw/usedauto-infos-3375748.html?display__sale_code=&flow_id=3dd77ed9-0d3b-441f-9ab7-5d349bf2b48c,桃園市,102.8萬,2022年,1km,https://p1.8891.com.tw/2023/01/07/1673089721133291_220_165.jpg
3,Suzuki/Jimny 2022款 1.5L,https://www.8891.com.tw/usedauto-infos-3375733.html?display__sale_code=&flow_id=38490002-7db2-4d3d-9a4a-bcc0057991d6,桃園市,100.8萬,2022年,1km,https://p1.8891.com.tw/2023/01/07/1673089555440571_220_165.jpg
4,Suzuki/Jimny 2021款 1.5L,https://www.8891.com.tw/usedauto-infos-3374808.html?display__sale_code=&flow_id=5a0a3cbc-52ba-47d6-b9b5-7853823d04ce,基隆市,90萬,2021年,2.5萬km,https://p2.8891.com.tw/2023/01/30/0/1675071912449870_220_165.jpg
5,Suzuki/Jimny 2017款 1.3L,https://www.8891.com.tw/usedauto-infos-3374479.html?display__sale_code=&flow_id=7afecf96-724f-4301-9393-86ba193af6e3,台北市,51.8萬,2017年,2.4萬km,https://p1.8891.com.tw/2023/01/06/3/1672999872477103_220_165.jpg
6,Suzuki/Jimny 2023款 1.5L,https://www.8891.com.tw/usedauto-infos-3374349.html?display__sale_code=&flow_id=b0f6ebf2-343e-40a1-9f7b-aae93b14254a,高雄市,103.8萬,2022年,6km,https://p2.8891.com.tw/2022/12/05/1670227791286796_220_165.jpg
7,Suzuki/Jimny 2023款 1.5L,https://www.8891.com.tw/usedauto-infos-3374347.html?display__sale_code=&flow_id=5bc28709-fff1-43a8-aa32-3bea48a70e8a,高雄市,104.8萬,2022年,6km,https://p1.8891.com.tw/2022/12/05/1670230000608841_220_165.jpg
8,Suzuki/Jimny 2022款 1.5L,https://www.8891.com.tw/usedauto-infos-3374146.html?display__sale_code=&flow_id=3afae7ed-ddce-4596-ba7c-ee524f65c3b7,高雄市,94.8萬,2022年,13km,https://p2.8891.com.tw/2023/01/06/1672990571594212_220_165.jpg
9,Suzuki/Jimny 2022款 1.5L,https://www.8891.com.tw/usedauto-infos-3374100.html?display__sale_code=&flow_id=1d91b209-0cf5-420a-812d-09206ec995f8,台北市,102.8萬,2022年,12km,https://p1.8891.com.tw/2023/01/06/1672989053341501_220_165.jpg
10,Suzuki/Jimny 2004款 1.3L,https://www.8891.com.tw/usedauto-infos-3372339.html?display__sale_code=&flow_id=466f3edf-0368-41a6-a225-ab0ce0d07b39,桃園市,18.8萬,2004年,13.7萬km,https://p1.8891.com.tw/2023/01/05/0/1672884771666091_220_165.jpg
11,Suzuki/Jimny 2023款 1.5L,https://www.8891.com.tw/usedauto-infos-3372313.html?display__sale_code=&flow_id=64ec5eb0-e2df-4576-951a-cd04d2114909,新北市,92萬,2022年,600km,https://p2.8891.com.tw/2023/01/07/1/1673073811574760_220_165.jpg
12,Suzuki/Jimny 2022款 1.5L,https://www.8891.com.tw/usedauto-infos-3371139.html?display__sale_code=&flow_id=3ac09530-fa04-4ac0-9270-6f15828dc3e6,屏東縣,97.8萬,2022年,12km,https://p1.8891.com.tw/2023/01/04/1672800400556149_220_165.jpg
13,Suzuki/Jimny 2005款 1.3L,https://www.8891.com.tw/usedauto-infos-3369897.html?display__sale_code=&flow_id=84c1c5b6-e69e-45a0-b068-6fae9506d594,桃園市,19.8萬,2005年,14.0萬km,https://p2.8891.com.tw/2020/11/04/1604476957101742_220_165.jpg
14,Suzuki/Jimny 2012款 1.3L,https://www.8891.com.tw/usedauto-infos-3369446.html?display__sale_code=&flow_id=1dce4609-2e7d-4cad-8841-d6c83a5b3b04,新竹市,39萬,2012年,8.0萬km,https://p2.8891.com.tw/2023/01/02/1672651368982740_220_165.jpg
15,Suzuki/Jimny 2019款 1.5L,https://www.8891.com.tw/usedauto-infos-3369081.html?display__sale_code=&flow_id=4750b9f0-050a-4a6e-ac34-68d24fb6c262,高雄市,電洽,2019年,4.2萬km,https://p1.8891.com.tw/2022/06/22/1655880090608949_220_165.jpg
16,Suzuki/Jimny 2017款 1.3L,https://www.8891.com.tw/usedauto-infos-3369064.html?display__sale_code=&flow_id=e8449808-c743-41f2-909f-a4b27a57f269,新北市,45萬,2017年,2.0萬km,https://p1.8891.com.tw/2022/06/21/1655791319921543_220_165.jpg
17,Suzuki/Jimny 2023款 1.5L,https://www.8891.com.tw/usedauto-infos-3336598.html?display__sale_code=&flow_id=79df2539-4d24-4697-bb8b-d2876886d019,高雄市,電洽,2022年,8km,https://p1.8891.com.tw/2022/12/02/1669960530664333_220_165.jpg
18,Suzuki/Jimny 2022款 1.5L,https://www.8891.com.tw/usedauto-infos-3367747.html?display__sale_code=&flow_id=872cbe4f-18dc-4326-947f-002b9602f4c4,新竹市,96.9萬,2022年,30.0萬km,https://p2.8891.com.tw/2022/12/31/1672464017682624_220_165.jpg
19,Suzuki/Jimny 2021款 1.5L,https://www.8891.com.tw/usedauto-infos-3367409.html?display__sale_code=&flow_id=59f89f61-3d6e-4634-95ee-29f26e2159bc,台北市,電洽,2020年,4.0萬km,https://p1.8891.com.tw/2022/11/03/6/1667416678791931_220_165.jpg
20,Suzuki/Jimny 2022款 1.5L,https://www.8891.com.tw/usedauto-infos-3366817.html?display__sale_code=&flow_id=93c32b62-aaac-496b-94a6-4c5fe05ce08a,新北市,電洽,2022年,200km,https://p2.8891.com.tw/2022/08/09/1660033894525950_220_165.jpg
21,Suzuki/Jimny 2007款 1.3L,https://www.8891.com.tw/usedauto-infos-3362396.html?display__sale_code=&flow_id=18ae130f-bbc4-443a-a4cd-af4231828567,彰化縣,電洽,2006年,15.0萬km,https://p1.8891.com.tw/2021/05/31/1622439148126385_220_165.jpg
22,Suzuki/Jimny 2017款 1.3L,https://www.8891.com.tw/usedauto-infos-3362052.html?display__sale_code=&flow_id=442839bc-8959-43df-82a4-41ef44245b33,桃園市,48.8萬,2016年,5.8萬km,https://p1.8891.com.tw/2022/12/25/3/1671971247079135_220_165.jpg
23,Suzuki/Jimny 2018款 1.3L,https://www.8891.com.tw/usedauto-infos-3361952.html?display__sale_code=&flow_id=c8515f54-33f8-41dc-9cf9-429d87cf0a9e,桃園市,51.8萬,2017年,3.4萬km,https://p1.8891.com.tw/2022/12/25/1671959609274775_220_165.jpg
24,Suzuki/Jimny 2019款 1.5L,https://www.8891.com.tw/usedauto-infos-3358830.html?display__sale_code=&flow_id=6d21e4b5-00cf-4aba-b571-a4da62ea38f3,雲林縣,128.8萬,2019年,3.1萬km,https://p2.8891.com.tw/2022/12/22/5/1671688485831732_220_165.jpg
25,Suzuki/Jimny 2020款 1.5L,https://www.8891.com.tw/usedauto-infos-3358802.html?display__sale_code=&flow_id=fcac8984-0bb5-4de7-9172-8b0626186c3d,桃園市,95萬,2020年,1.3萬km,https://p2.8891.com.tw/2022/12/22/1671687258173290_220_165.jpg
26,Suzuki/Jimny 2022款 1.5L,https://www.8891.com.tw/usedauto-infos-3357076.html?display__sale_code=&flow_id=0e5d5e92-4212-4923-b115-ea4c92a83ce3,台東縣,98萬,2022年,3000km,https://p2.8891.com.tw/2022/12/30/2/1672363052892756_220_165.jpg
27,Suzuki/Jimny 2023款 1.5L,https://www.8891.com.tw/usedauto-infos-3356740.html?display__sale_code=&flow_id=d195e87f-0409-4586-a9dd-8200c1a15141,高雄市,103.8萬,2022年,6km,https://p1.8891.com.tw/2022/11/18/1668749757971417_220_165.jpg
28,Suzuki/Jimny 2021款 1.5L,https://www.8891.com.tw/usedauto-infos-3355302.html?display__sale_code=&flow_id=a5c42131-0f69-42a9-9468-64c26040c5ca,台南市,98.8萬,2020年,6000km,https://p2.8891.com.tw/2022/12/19/1671431491808402_220_165.jpg
29,Suzuki/Jimny 2022款 1.5L,https://www.8891.com.tw/usedauto-infos-3340455.html?display__sale_code=&flow_id=b1f2ec07-8f98-427d-948d-65bd22d521ed,台北市,120萬,2022年,208km,https://p2.8891.com.tw/2022/12/05/1670234162082436_220_165.jpg
30,Suzuki/Jimny 2022款 1.5L,https://www.8891.com.tw/usedauto-infos-3344154.html?display__sale_code=&flow_id=83edc511-d55e-4837-9b51-e104a17ace37,台北市,電洽,2021年,3000km,https://p1.8891.com.tw/2022/12/15/1671092222046543_220_165.jpg
31,Suzuki/Jimny 2023款 1.5L,https://www.8891.com.tw/usedauto-infos-3342609.html?display__sale_code=&flow_id=d7549821-12c9-4107-a107-16cb2ea87300,桃園市,98.8萬,2022年,6km,https://p2.8891.com.tw/2022/12/07/1670399461756080_220_165.jpg
32,Suzuki/Jimny 2022款 1.5L,https://www.8891.com.tw/usedauto-infos-3341222.html?display__sale_code=&flow_id=df715e3f-71a0-46d2-a3e0-0e2a3cc7b715,高雄市,96.8萬,2022年,95km,https://p1.8891.com.tw/2022/12/06/1670309459966461_220_165.jpg
33,Suzuki/Jimny 2022款 1.5L,https://www.8891.com.tw/usedauto-infos-3338742.html?display__sale_code=&flow_id=c85c1157-24e2-456e-aba5-691cd1d7f8ca,台北市,電洽,2022年,10km,https://p1.8891.com.tw/2022/12/07/1670395507610047_220_165.jpg
34,Suzuki/Jimny 2007款 1.3L,https://www.8891.com.tw/usedauto-infos-3337083.html?display__sale_code=&flow_id=30b814cd-3b4a-45be-86cf-75b28c336f3f,新竹縣,電洽,2007年,19.0萬km,https://p2.8891.com.tw/2022/06/18/1655527648113014_220_165.jpg
35,Suzuki/Jimny 2022款 1.5L,https://www.8891.com.tw/usedauto-infos-3336849.html?display__sale_code=&flow_id=e055086c-923d-41c3-b7c1-cc706312894a,高雄市,103.8萬,2022年,5km,https://p2.8891.com.tw/2022/12/02/1669967413260358_220_165.jpg
36,Suzuki/Jimny 2020款 1.5L,https://www.8891.com.tw/usedauto-infos-3322115.html?display__sale_code=&flow_id=a01ee67b-e397-4200-9cc4-007e4185fac6,台中市,92.8萬,2020年,9800km,https://p2.8891.com.tw/2022/11/18/1668758617597178_220_165.jpg
37,Suzuki/Jimny 2017款 1.3L,https://www.8891.com.tw/usedauto-infos-3266173.html?display__sale_code=&flow_id=09327814-54b7-4cea-833f-2c06b08b3cdc,新北市,54.8萬,2017年,7.0萬km,https://p1.8891.com.tw/2022/09/29/1664441104289921_220_165.jpg
38,Suzuki/Jimny 2023款 1.5L,https://www.8891.com.tw/usedauto-infos-3407900.html?display__sale_code=9005002&flow_id=308c4817-846c-4b9b-acf8-e028c8b184d4,台北市,98萬,2022年,15km,https://p1.8891.com.tw/2023/01/13/1/1673608658086497_220_165.jpg
39,Suzuki/Jimny 2021款 1.5L,https://www.8891.com.tw/usedauto-infos-3410034.html?display__sale_code=&flow_id=004d5c5f-ccc0-41d1-9b94-f75942312b29,台中市,電洽,2020年,1.0萬km,https://p1.8891.com.tw/2022/12/11/6/1670731282715177_220_165.jpg
40,Suzuki/Jimny 2021款 1.5L,https://www.8891.com.tw/usedauto-infos-3409716.html?display__sale_code=&flow_id=2f7c9dc0-90ee-4c03-a4dd-438c67799137,台中市,電洽,2020年,4.5萬km,https://p1.8891.com.tw/2023/02/14/1676364615280307_220_165.jpg
41,Suzuki/Jimny 2021款 1.5L,https://www.8891.com.tw/usedauto-infos-3403151.html?display__sale_code=&flow_id=4a18533c-3437-48b7-b3e3-043bd11ea34a,桃園市,95萬,2021年,2.0萬km,https://p2.8891.com.tw/2023/02/08/1675851828110964_220_165.jpg
42,Suzuki/Jimny 2016款 1.3L,https://www.8891.com.tw/usedauto-infos-3409489.html?display__sale_code=&flow_id=dfae5924-4397-41ed-8e8f-932a1997e809,桃園市,42.8萬,2015年,8.3萬km,https://p2.8891.com.tw/2023/01/12/1673503661647924_220_165.jpg
43,Suzuki/Jimny 2016款 1.3L,https://www.8891.com.tw/usedauto-infos-3403162.html?display__sale_code=&flow_id=8ca1302c-295c-4c61-b319-65598895227e,桃園市,49萬,2016年,7.0萬km,https://p1.8891.com.tw/2023/02/08/1675852470611929_220_165.jpg
44,Suzuki/Jimny 2023款 1.5L,https://www.8891.com.tw/usedauto-infos-3407968.html?display__sale_code=&flow_id=3a9ff1ee-ec9d-4b89-90be-5b1091275fb7,台中市,電洽,2022年,10km,https://p2.8891.com.tw/2023/01/14/1673626357826792_220_165.jpg
45,Suzuki/Jimny 2015款 1.3L,https://www.8891.com.tw/usedauto-infos-3408868.html?display__sale_code=&flow_id=e14f8549-63dd-4475-a058-cf3fdb357a41,台北市,43.8萬,2014年,6.5萬km,https://p2.8891.com.tw/2023/02/13/2/1676298517329980_220_165.jpg
46,Suzuki/Jimny 2001款 1.3L,https://www.8891.com.tw/usedauto-infos-3408793.html?display__sale_code=&flow_id=95e5c723-6c9a-48a5-835d-9179f18e2b1b,桃園市,20.8萬,2000年,8.8萬km,https://p1.8891.com.tw/2023/02/13/1676287030745541_220_165.jpg
47,Suzuki/Jimny 2000款 1.3L,https://www.8891.com.tw/usedauto-infos-3408649.html?display__sale_code=&flow_id=b74d7203-ebe0-4916-81b6-254bf57ca3ab,桃園市,23.8萬,2000年,8.0萬km,https://p1.8891.com.tw/2023/02/13/1676282044584213_220_165.jpg
48,Suzuki/Jimny 2021款 1.5L,https://www.8891.com.tw/usedauto-infos-3397469.html?display__sale_code=&flow_id=c7dd1895-f82b-4917-b689-ad96fea5436d,新北市,78.8萬,2020年,3.0萬km,https://p2.8891.com.tw/2023/02/07/1675759247645472_220_165.jpg
49,Suzuki/Jimny 2020款 1.5L,https://www.8891.com.tw/usedauto-infos-3396932.html?display__sale_code=&flow_id=afa23cf1-9062-4b72-9439-2495b82c1cb0,新北市,68.8萬,2019年,1.0萬km,https://p1.8891.com.tw/2023/02/06/1675676400899927_220_165.jpg
50,Suzuki/Jimny 2020款 1.5L,https://www.8891.com.tw/usedauto-infos-3397188.html?display__sale_code=&flow_id=6bb4a578-0736-4739-b578-f55aad8cf066,新北市,86萬,2019年,1.0萬km,https://p1.8891.com.tw/2023/02/03/1675409426718357_220_165.jpg
51,Suzuki/Jimny 2021款 1.5L,https://www.8891.com.tw/usedauto-infos-3401740.html?display__sale_code=&flow_id=ee445609-47e7-457c-9527-71fac1ba9bea,新北市,86.8萬,2020年,4.0萬km,https://p1.8891.com.tw/2023/02/07/1675758347216395_220_165.jpg
52,Suzuki/Jimny 2023款 1.5L,https://www.8891.com.tw/usedauto-infos-3384367.html?display__sale_code=&flow_id=95f87b1f-1cab-4903-84eb-9e0b836ff3e9,台中市,92.8萬,2022年,37km,https://p2.8891.com.tw/2023/01/16/1673857168926576_220_165.jpg
53,Suzuki/Jimny 2013款 1.3L,https://www.8891.com.tw/usedauto-infos-3403832.html?display__sale_code=&flow_id=ac489584-5d26-4a42-9b1f-0d9c2f2c4cde,桃園市,39.8萬,2013年,13.0萬km,https://p1.8891.com.tw/2023/02/09/1675921085262347_220_165.jpg
54,Suzuki/Jimny 2021款 1.5L,https://www.8891.com.tw/usedauto-infos-3406187.html?display__sale_code=&flow_id=33e7af44-0986-4e88-9f28-684b118df8ec,桃園市,電洽,2021年,2.0萬km,https://p2.8891.com.tw/2022/07/01/1656664179726778_220_165.jpg
55,Suzuki/Jimny 2022款 1.5L,https://www.8891.com.tw/usedauto-infos-3406028.html?display__sale_code=&flow_id=f531bc45-bac7-4999-94e4-72467eaf83c6,台中市,86.8萬,2021年,1.5萬km,https://p2.8891.com.tw/2023/02/11/1676081567357012_220_165.jpg
56,Suzuki/Jimny 2023款 1.5L,https://www.8891.com.tw/usedauto-infos-3405618.html?display__sale_code=&flow_id=ce4287f6-72fd-43fd-9e63-798feb674480,新北市,94.8萬,2022年,13km,https://p1.8891.com.tw/2023/01/11/1673406858855517_220_165.jpg
57,Suzuki/Jimny 2021款 1.5L,https://www.8891.com.tw/usedauto-infos-3405483.html?display__sale_code=&flow_id=c05e8789-4cb2-4e3e-8974-16055a50cc52,台中市,電洽,2020年,1.4萬km,https://p1.8891.com.tw/2023/02/10/1676017755666965_220_165.jpg
58,Suzuki/Jimny 2020款 1.5L,https://www.8891.com.tw/usedauto-infos-3405155.html?display__sale_code=&flow_id=6ccbeba6-734c-498b-a1ba-41ecf3ca622b,桃園市,90.8萬,2019年,3.3萬km,https://p2.8891.com.tw/2023/02/10/1676008202724366_220_165.jpg
59,Suzuki/Jimny 2015款 1.3L,https://www.8891.com.tw/usedauto-infos-3404854.html?display__sale_code=&flow_id=b53fb1d4-406b-4b6f-967a-462ee3031f12,新北市,35.9萬,2015年,6.9萬km,https://p1.8891.com.tw/2022/09/17/1663377594625645_220_165.jpg
60,Suzuki/Jimny 2022款 1.5L,https://www.8891.com.tw/usedauto-infos-3404733.html?display__sale_code=&flow_id=2689c4d8-5885-49e1-b2ac-a52b53284ac5,台中市,電洽,2021年,1.8萬km,https://p1.8891.com.tw/2023/01/10/1673354019722379_220_165.jpg
61,Suzuki/Jimny 2023款 1.5L,https://www.8891.com.tw/usedauto-infos-3404059.html?display__sale_code=&flow_id=56e9b113-ddfc-4a01-afe6-555c6ab848a9,台北市,電洽,2023年,3km,https://p1.8891.com.tw/2023/02/12/1676176263657795_220_165.jpg
62,Suzuki/Jimny 2004款 1.3L,https://www.8891.com.tw/usedauto-infos-3403900.html?display__sale_code=&flow_id=0892433a-70bd-4b00-9e41-9e46aabcf5bf,苗栗縣,19.8萬,2004年,24.0萬km,https://p2.8891.com.tw/2022/11/03/1667467962683596_220_165.jpg
63,Suzuki/Jimny 2020款 1.5L,https://www.8891.com.tw/usedauto-infos-3402880.html?display__sale_code=&flow_id=9c9b9e09-72e6-424f-8614-f8cfb0fbbe2e,台中市,電洽,2020年,9000km,https://p2.8891.com.tw/2023/02/08/1675842538845330_220_165.jpg
64,Suzuki/Jimny 2023款 1.5L,https://www.8891.com.tw/usedauto-infos-3376108.html?display__sale_code=&flow_id=989b5497-c403-498e-8389-0570c594e8af,台中市,98.8萬,2022年,20km,https://p1.8891.com.tw/2023/01/08/1673155346699287_220_165.jpg
65,Suzuki/Jimny 2004款 1.3L,https://www.8891.com.tw/usedauto-infos-3401099.html?display__sale_code=&flow_id=1f9be98b-062f-4eb0-ae75-0c266ad8c288,桃園市,13.9萬,2004年,20.0萬km,https://p2.8891.com.tw/2022/05/07/1651936555711076_220_165.jpg
66,Suzuki/Jimny 2021款 1.5L,https://www.8891.com.tw/usedauto-infos-3400850.html?display__sale_code=&flow_id=2a0e5e71-1501-44e4-ad2c-c8ac110ccfc2,台中市,95萬,2021年,1.0萬km,https://p1.8891.com.tw/2023/02/06/1675684794366439_220_165.jpg
67,Suzuki/Jimny 2023款 1.5L,https://www.8891.com.tw/usedauto-infos-3400327.html?display__sale_code=&flow_id=215a54b9-0437-44a9-a4ae-444e94857eed,台中市,91.5萬,2022年,8km,https://p2.8891.com.tw/2022/12/11/1670736752816682_220_165.jpg
68,Suzuki/Jimny 2020款 1.5L,https://www.8891.com.tw/usedauto-infos-3400271.html?display__sale_code=&flow_id=fdea42bf-f66e-4f2f-a3c9-7353c60bb20f,高雄市,88.8萬,2020年,1.9萬km,https://p1.8891.com.tw/2023/01/06/7/1672992098839157_220_165.jpg
69,Suzuki/Jimny 2003款 1.3L,https://www.8891.com.tw/usedauto-infos-3398706.html?display__sale_code=&flow_id=2772e424-1675-443a-a401-55f877c1f9dd,台中市,16.8萬,2003年,12.0萬km,https://p1.8891.com.tw/2023/02/04/6/1675507876536889_220_165.jpg
70,Suzuki/Jimny 2019款 1.5L,https://www.8891.com.tw/usedauto-infos-3398156.html?display__sale_code=&flow_id=a5ba8a4b-69e1-4738-8bf0-02e550284156,桃園市,92.8萬,2019年,5.9萬km,https://p1.8891.com.tw/2023/02/04/1675487618326989_220_165.jpg
71,Suzuki/Jimny 2020款 1.5L,https://www.8891.com.tw/usedauto-infos-3397301.html?display__sale_code=&flow_id=092458b7-87ab-44ea-b0b3-3796f9e4b452,高雄市,86.8萬,2020年,2.3萬km,https://p2.8891.com.tw/2022/10/14/1665710011180308_220_165.jpg
72,Suzuki/Jimny 2020款 1.5L,https://www.8891.com.tw/usedauto-infos-3397210.html?display__sale_code=&flow_id=3282a07d-da26-4fd8-87f1-218b4cfaf350,台北市,電洽,2020年,2.6萬km,https://p2.8891.com.tw/2022/12/03/7/1670063148870958_220_165.jpg
73,Suzuki/Jimny 2023款 1.5L,https://www.8891.com.tw/usedauto-infos-3396078.html?display__sale_code=&flow_id=3005e829-a9e2-4c09-9c02-0faa879ba61b,台中市,93.9萬,2022年,93km,https://p1.8891.com.tw/2023/01/01/1672585641425471_220_165.jpg
74,Suzuki/Jimny 2019款 1.5L,https://www.8891.com.tw/usedauto-infos-3395951.html?display__sale_code=&flow_id=62acc805-5d3b-49d9-a022-45f121133f65,新北市,75.8萬,2019年,11.0萬km,https://p2.8891.com.tw/2023/02/02/1675323672891442_220_165.jpg
75,Suzuki/Jimny 2010款 1.3L,https://www.8891.com.tw/usedauto-infos-3395650.html?display__sale_code=&flow_id=2d425c6d-1130-4da9-9ccc-386955660477,桃園市,29.5萬,2009年,16.0萬km,https://p2.8891.com.tw/2022/11/10/7/1668074461226834_220_165.jpg
76,Suzuki/Jimny 2012款 1.3L,https://www.8891.com.tw/usedauto-infos-3395343.html?display__sale_code=&flow_id=2e2d1187-e2c8-47ed-a3be-7222f83f5d4a,新竹市,39.8萬,2012年,8.9萬km,https://p2.8891.com.tw/2023/01/02/1672648831994362_220_165.jpg
77,Suzuki/Jimny 2021款 1.5L,https://www.8891.com.tw/usedauto-infos-3395259.html?display__sale_code=&flow_id=d1549303-c5b8-4c59-8815-1f6e6e885bfb,台中市,電洽,2020年,2.0萬km,https://p1.8891.com.tw/2023/01/02/8/1672630229084003_220_165.jpg
78,Suzuki/Jimny 2021款 1.5L,https://www.8891.com.tw/usedauto-infos-3406120.html?display__sale_code=3010013&flow_id=77c31679-82fb-467d-bec0-ea956efb680d,台中市,86.8萬,2020年,4.0萬km,https://p1.8891.com.tw/2023/02/11/1676084888961313_220_165.jpg
79,Suzuki/Jimny 2021款 1.5L,https://www.8891.com.tw/usedauto-infos-3402646.html?display__sale_code=3010013&flow_id=6ba61850-0d3e-440f-a298-4dbafa322020,新北市,89萬,2020年,1.2萬km,https://p1.8891.com.tw/2023/02/08/1675836402104813_220_165.jpg
80,Daihatsu/Terios 2015款 1.5L,https://www.8891.com.tw/usedauto-infos-3370784.html?display__sale_code=3010013&flow_id=2ffbbd20-028d-463e-97a1-638ce98c8f23,桃園市,42.8萬,2015年,1.9萬km,https://p2.8891.com.tw/2023/01/03/1672743604272670_220_165.jpg
81,Suzuki/Jimny 2022款 1.5L,https://www.8891.com.tw/usedauto-infos-3383963.html?display__sale_code=3002001&flow_id=a27b6f85-3403-4d08-a998-f0dd1d8acd25,新北市,電洽,2021年,100km,https://p1.8891.com.tw/2022/05/11/1652255951830063_220_165.jpg
82,Suzuki/Jimny 2021款 1.5L,https://www.8891.com.tw/usedauto-infos-3401795.html?display__sale_code=9005002&flow_id=91570a30-1d7d-42d6-baf5-9489f3e4d298,新北市,65.8萬,2020年,3.0萬km,https://p1.8891.com.tw/2023/02/07/1675760328414447_220_165.jpg
83,Suzuki/Jimny 2020款 1.5L,https://www.8891.com.tw/usedauto-infos-3400492.html?display__sale_code=9005002&flow_id=508ad823-f70a-4ded-9982-c783ba190506,新北市,63.8萬,2019年,1.0萬km,https://p1.8891.com.tw/2023/02/06/1675673211245971_220_165.jpg
84,Suzuki/Jimny 2002款 1.3L,https://www.8891.com.tw/usedauto-infos-3403470.html?display__sale_code=9005001&flow_id=4216129c-c5e5-45a6-9166-a181d2bb5ee9,新北市,18.5萬,2002年,16.0萬km,https://p2.8891.com.tw/2022/10/28/4/1666929854193354_220_165.jpg
85,Suzuki/Jimny 2020款 1.5L,https://www.8891.com.tw/usedauto-infos-3341560.html?display__sale_code=9005003&flow_id=dfe6b2a7-7151-4ff7-8848-27c85a59e729,台中市,89.8萬,2020年,1.6萬km,https://p1.8891.com.tw/2022/12/06/1670318376594257_220_165.jpg
86,Suzuki/Jimny 2020款 1.5L,https://www.8891.com.tw/usedauto-infos-3397515.html?display__sale_code=9005002&flow_id=6eaf1db0-8ef8-4534-a3b8-f3462cab94c9,新北市,78.8萬,2019年,1.0萬km,https://p1.8891.com.tw/2023/02/03/1675418648241127_220_165.jpg
87,Suzuki/Jimny 2021款 1.5L,https://www.8891.com.tw/usedauto-infos-3401808.html?display__sale_code=9005002&flow_id=a437e8f9-a49b-4d28-ba9d-30f209b88719,新北市,78.8萬,2020年,4.0萬km,https://p1.8891.com.tw/2023/02/07/1675760853525689_220_165.jpg
88,Suzuki/Jimny 2020款 1.5L,https://www.8891.com.tw/usedauto-infos-3397038.html?display__sale_code=9005002&flow_id=ef74b3e2-7f30-4c28-92ec-834a2fd01418,新北市,68.8萬,2019年,1.9萬km,https://p2.8891.com.tw/2023/02/03/1675404422246690_220_165.jpg
89,Suzuki/Jimny 2021款 1.5L,https://www.8891.com.tw/usedauto-infos-3399620.html?display__sale_code=9005001&flow_id=098871b9-4442-4adf-b468-2cba2b2bc683,桃園市,電洽,2021年,2.0萬km,https://p2.8891.com.tw/2022/12/03/1670035919887742_220_165.jpg
90,Suzuki/Jimny 2021款 1.5L,https://www.8891.com.tw/usedauto-infos-3403887.html?display__sale_code=9005002&flow_id=f2305b11-8c5c-455a-b462-79c45f66d5e7,新北市,87.8萬,2020年,3.0萬km,https://p2.8891.com.tw/2023/02/09/1675923048724534_220_165.jpg
91,Suzuki/Jimny 2020款 1.5L,https://www.8891.com.tw/usedauto-infos-3410876.html?display__sale_code=&flow_id=47859648-0313-4084-a1fc-79eae4642f53,桃園市,88.8萬,2019年,3.0萬km,https://p2.8891.com.tw/2023/02/15/1676455152415120_220_165.jpg
92,Suzuki/Jimny 2020款 1.5L,https://www.8891.com.tw/usedauto-infos-3402373.html?display__sale_code=9005001&flow_id=62670f05-4c16-486d-8514-e1d7bc610949,新北市,61.8萬,2019年,1.0萬km,https://p2.8891.com.tw/2023/02/08/1675847607348770_220_165.jpg
93,Suzuki/Jimny 2022款 1.5L,https://www.8891.com.tw/usedauto-infos-3402425.html?display__sale_code=9005002&flow_id=6701268a-24a5-4a57-a9b5-db3d57df9f91,桃園市,電洽,2021年,1.9萬km,https://p1.8891.com.tw/2022/12/03/3/1670049938722037_220_165.jpg
94,Suzuki/Jimny 2009款 1.3L,https://www.8891.com.tw/usedauto-infos-3380550.html?display__sale_code=9005001&flow_id=8fd04f01-b7f9-4f2e-a1c0-12f95569042b,桃園市,32.8萬,2009年,16.0萬km,https://p1.8891.com.tw/2023/01/12/1673506786582539_220_165.jpg
95,Suzuki/Jimny 2023款 1.5L,https://www.8891.com.tw/usedauto-infos-3407386.html?display__sale_code=9005001&flow_id=650e84e6-3ce4-434c-a3ae-2c86975b556c,台中市,92.8萬,2022年,33km,https://p2.8891.com.tw/2023/02/12/1676190261881778_220_165.jpg
96,Suzuki/Jimny 2016款 1.3L,https://www.8891.com.tw/usedauto-infos-3374601.html?display__sale_code=9005001&flow_id=9541bb38-962d-4ddc-bd90-2cb99dc780fe,桃園市,49.8萬,2015年,8.2萬km,https://p1.8891.com.tw/2023/01/08/7/1673163156816431_220_165.jpg
97,Suzuki/Jimny 2017款 1.3L,https://www.8891.com.tw/usedauto-infos-3267804.html?display__sale_code=9005001&flow_id=caace171-d057-4230-b0ef-1b9620dd4a52,新北市,54.8萬,2017年,7.2萬km,https://p1.8891.com.tw/2022/09/30/1664543166426673_220_165.jpg
98,Suzuki/Jimny 2012款 1.3L,https://www.8891.com.tw/usedauto-infos-3381437.html?display__sale_code=9005001&flow_id=2d302f28-8634-45e2-94a6-76d2d4893d8e,台中市,39.8萬,2012年,4.0萬km,https://p2.8891.com.tw/2023/01/13/1673579981467464_220_165.jpg
99,Suzuki/Jimny 2021款 1.5L,https://www.8891.com.tw/usedauto-infos-3409344.html?display__sale_code=9005002&flow_id=2ed24c50-9524-4828-8e2b-304c61c45b51,新北市,85.8萬,2020年,4.0萬km,https://p1.8891.com.tw/2023/02/14/1676352293481519_220_165.jpg
100,Suzuki/Jimny 2020款 1.5L,https://www.8891.com.tw/usedauto-infos-3409245.html?display__sale_code=9005002&flow_id=ba1e4d29-63da-4443-8624-40980a201b5d,新北市,84.8萬,2019年,1.0萬km,https://p2.8891.com.tw/2023/02/14/1676349268764378_220_165.jpg
101,Suzuki/Jimny 2005款 1.3L,https://www.8891.com.tw/usedauto-infos-3352839.html?display__sale_code=9005001&flow_id=8b090b5a-0f37-41c9-b436-4429a561159a,桃園市,26.8萬,2005年,16.0萬km,https://p1.8891.com.tw/2022/12/16/1/1671175435211025_220_165.jpg
102,Suzuki/Jimny 2020款 1.5L,https://www.8891.com.tw/usedauto-infos-3365474.html?display__sale_code=9005001&flow_id=f2a0f9e6-6de5-4b11-bd02-d6b98382e81d,南投縣,93.8萬,2020年,3.9萬km,https://p1.8891.com.tw/2022/12/28/1672243184742943_220_165.jpg
103,Suzuki/Jimny 2023款 1.5L,https://www.8891.com.tw/usedauto-infos-3406196.html?display__sale_code=9005001&flow_id=8304a0e7-feef-4cc5-ad68-bfff35b64a24,台中市,電洽,2022年,25km,https://p2.8891.com.tw/2023/02/11/1676087238483226_220_165.jpg
104,Suzuki/Jimny 2007款 1.3L,https://www.8891.com.tw/usedauto-infos-3360572.html?display__sale_code=9005001&flow_id=eed7da56-628f-4fab-80e7-85ad5633460b,桃園市,19.8萬,2007年,15.0萬km,https://p2.8891.com.tw/2022/02/05/1644031256443496_220_165.jpg
105,Suzuki/Jimny 2020款 1.5L,https://www.8891.com.tw/usedauto-infos-3398007.html?display__sale_code=9005002&flow_id=7453a419-b15e-4f0a-ba5e-cda0544b110d,新北市,85.8萬,2019年,1.9萬km,https://p2.8891.com.tw/2023/02/04/1675480871204470_220_165.jpg
106,Suzuki/Jimny 2009款 1.3L,https://www.8891.com.tw/usedauto-infos-3379117.html?display__sale_code=9005002&flow_id=e3c954ce-1a58-4e25-9e0e-4dd3a41385c2,桃園市,29.5萬,2009年,16.0萬km,https://p2.8891.com.tw/2022/12/11/1670751479732046_220_165.jpg
107,Suzuki/Jimny 2023款 1.5L,https://www.8891.com.tw/usedauto-infos-3398548.html?display__sale_code=9005002&flow_id=57df84de-0e43-4e8c-a534-1719ee0663fe,苗栗縣,92.8萬,2022年,267km,https://p1.8891.com.tw/2023/01/05/1672906070716813_220_165.jpg
108,Suzuki/Jimny 2023款 1.5L,https://www.8891.com.tw/usedauto-infos-3409525.html?display__sale_code=9005001&flow_id=168afa9d-bbe8-4ffd-b945-f20a2f82d799,台中市,電洽,2023年,3km,https://p1.8891.com.tw/2022/11/28/1669622217559521_220_165.jpg
109,Suzuki/Jimny 2009款 1.3L,https://www.8891.com.tw/usedauto-infos-3395841.html?display__sale_code=9005001&flow_id=87579b0f-8647-4094-b7ff-f9923eaf6a2e,桃園市,29.8萬,2009年,16.0萬km,https://p2.8891.com.tw/2023/02/02/1675320476980846_220_165.jpg
110,Suzuki/Jimny 2023款 1.5L,https://www.8891.com.tw/usedauto-infos-3403668.html?display__sale_code=9005002&flow_id=19caba47-dc30-4606-82d0-9cdba6378a76,台中市,95.8萬,2022年,30km,https://p2.8891.com.tw/2023/02/09/1675915447733494_220_165.jpg
111,Suzuki/Jimny 2022款 1.5L,https://www.8891.com.tw/usedauto-infos-3405245.html?display__sale_code=9005001&flow_id=73c4679a-16cf-4859-acfb-9b1416339601,台中市,89萬,2021年,2.0萬km,https://p2.8891.com.tw/2023/02/10/1676010777637284_220_165.jpg
112,Suzuki/Jimny 2021款 1.5L,https://www.8891.com.tw/usedauto-infos-3376781.html?display__sale_code=9005001&flow_id=bf93dc79-c35e-46db-9e2c-4f4625f99e37,桃園市,88萬,2020年,1.0萬km,https://p2.8891.com.tw/2023/01/09/1673234445577172_220_165.jpg
113,Suzuki/Jimny 2021款 1.5L,https://www.8891.com.tw/usedauto-infos-3376796.html?display__sale_code=9005001&flow_id=7a9c5f18-52e6-4542-b027-048d5cc6f17f,桃園市,89萬,2020年,1.0萬km,https://p1.8891.com.tw/2023/01/09/1673234834177293_220_165.jpg
114,Suzuki/Jimny 2017款 1.3L,https://www.8891.com.tw/usedauto-infos-3270706.html?display__sale_code=9005001&flow_id=7d0e7dd8-7da5-4840-83ab-7429791e56e2,新北市,54.8萬,2017年,7.0萬km,https://p1.8891.com.tw/2022/10/03/1664794919876843_220_165.jpg
115,Suzuki/Jimny 2016款 1.3L,https://www.8891.com.tw/usedauto-infos-3328756.html?display__sale_code=9005001&flow_id=0d4d6aba-ef66-4167-a30e-3c25e392deb9,高雄市,46.8萬,2015年,5.0萬km,https://p2.8891.com.tw/2022/11/24/1669285455911112_220_165.jpg
116,Suzuki/Jimny 2022款 1.5L,https://www.8891.com.tw/usedauto-infos-3369738.html?display__sale_code=9005001&flow_id=1b6ad16d-819f-4fcc-8fd4-9f83aa76a760,桃園市,電洽,2022年,66km,https://p2.8891.com.tw/2021/12/01/1638329442556616_220_165.jpg
117,Suzuki/Jimny 2017款 1.3L,https://www.8891.com.tw/usedauto-infos-3266969.html?display__sale_code=9005001&flow_id=711695a1-0534-4e56-8d47-843b6c362dda,新北市,54.8萬,2017年,7.0萬km,https://p1.8891.com.tw/2022/09/30/1664515663747627_220_165.jpg
118,Suzuki/Jimny 2021款 1.5L,https://www.8891.com.tw/usedauto-infos-3395259.html?display__sale_code=&flow_id=8c78d1c9-0556-45a1-9329-5e11d7c29f2a,台中市,電洽,2020年,2.0萬km,https://p1.8891.com.tw/2023/01/02/8/1672630229084003_220_165.jpg
119,Suzuki/Jimny 2021款 1.5L,https://www.8891.com.tw/usedauto-infos-3395059.html?display__sale_code=&flow_id=893b0f9b-56bc-4552-8301-cb377e3a5079,新竹市,93.8萬,2021年,1.3萬km,https://p1.8891.com.tw/2023/02/01/1675253816993301_220_165.jpg
120,Suzuki/Jimny 2020款 1.5L,https://www.8891.com.tw/usedauto-infos-3394876.html?display__sale_code=&flow_id=6d785106-bfa4-4f79-acf6-5de6860d9f8a,台中市,92.8萬,2020年,3.3萬km,https://p2.8891.com.tw/2023/02/01/1675246534350024_220_165.jpg
121,Suzuki/Jimny 2020款 1.5L,https://www.8891.com.tw/usedauto-infos-3394438.html?display__sale_code=&flow_id=1caa5da4-9abd-45df-b88e-6a9efd998915,台中市,84.8萬,2020年,3.5萬km,https://p2.8891.com.tw/2023/02/01/7/1675234158879346_220_165.jpg
122,Suzuki/Jimny 2020款 1.5L,https://www.8891.com.tw/usedauto-infos-3394269.html?display__sale_code=&flow_id=e952ee55-ecbd-4fd1-b647-49c7c729baba,台北市,89.8萬,2020年,3.0萬km,https://p2.8891.com.tw/2022/12/30/1672408374213770_220_165.jpg
123,Suzuki/Jimny 2001款 1.3L,https://www.8891.com.tw/usedauto-infos-3392856.html?display__sale_code=&flow_id=12986fad-9ec3-48e8-ac70-67032831338a,基隆市,16.8萬,2001年,25.7萬km,https://p1.8891.com.tw/2022/10/18/1666073890366421_220_165.jpg
124,Suzuki/Jimny 2020款 1.5L,https://www.8891.com.tw/usedauto-infos-3392819.html?display__sale_code=&flow_id=0697326c-f89d-4d49-8bfa-8cbffe923b72,新竹市,81萬,2020年,2.0萬km,https://p2.8891.com.tw/2023/01/31/1675140988291540_220_165.jpg
125,Suzuki/Jimny 2015款 1.3L,https://www.8891.com.tw/usedauto-infos-3392575.html?display__sale_code=&flow_id=22368ab8-54b8-49b7-aae5-e86695672a95,新北市,46.8萬,2015年,6.5萬km,https://p1.8891.com.tw/2023/01/31/1675133483480275_220_165.jpg
126,Suzuki/Jimny 2020款 1.5L,https://www.8891.com.tw/usedauto-infos-3392571.html?display__sale_code=&flow_id=7773afc8-e4e2-4fa4-9515-40017adfe8e7,台中市,電洽,2020年,1.9萬km,https://p1.8891.com.tw/2023/01/31/1675133083647829_220_165.jpg
127,Suzuki/Jimny 2023款 1.5L,https://www.8891.com.tw/usedauto-infos-3366223.html?display__sale_code=&flow_id=9e2e7ece-7b8b-48ea-8273-0631df6f6f8c,台北市,90.8萬,2022年,6km,https://p1.8891.com.tw/2023/01/07/1673080337126945_220_165.jpg
128,Suzuki/Jimny 2004款 1.3L,https://www.8891.com.tw/usedauto-infos-3392109.html?display__sale_code=&flow_id=f850c04d-d20b-4646-b976-8d3831edae2e,桃園市,19.8萬,2004年,14.0萬km,https://p2.8891.com.tw/2022/11/10/1668079699700920_220_165.jpg
129,Suzuki/Jimny 2019款 1.5L,https://www.8891.com.tw/usedauto-infos-3391686.html?display__sale_code=&flow_id=3c17419d-c8fa-42f4-aaa3-80ac2b47c6c7,台南市,94.8萬,2019年,5.1萬km,https://p2.8891.com.tw/2022/11/18/2/1668782901479746_220_165.jpg
130,Suzuki/Jimny 2019款 1.5L,https://www.8891.com.tw/usedauto-infos-3391465.html?display__sale_code=&flow_id=40db9cc3-e396-4271-8807-d38066bb956d,桃園市,99萬,2019年,3.4萬km,https://p2.8891.com.tw/2023/01/30/7/1675056968932766_220_165.jpg
131,Suzuki/Jimny 2016款 1.3L,https://www.8891.com.tw/usedauto-infos-3391404.html?display__sale_code=&flow_id=53edfa3e-3aaf-4877-8a2b-ee6008f9fe5b,桃園市,45.8萬,2015年,13.1萬km,https://p1.8891.com.tw/2023/01/30/1675056468684319_220_165.jpg
132,Suzuki/Jimny 2015款 1.3L,https://www.8891.com.tw/usedauto-infos-3391261.html?display__sale_code=&flow_id=9aab3bc5-be8e-42b3-8044-7db1bdefda78,新北市,30.8萬,2015年,7.0萬km,https://p1.8891.com.tw/2022/11/30/1669775095420151_220_165.jpg
133,Suzuki/Jimny 2020款 1.5L,https://www.8891.com.tw/usedauto-infos-3386611.html?display__sale_code=&flow_id=61f4e523-880e-4bb9-a34c-aa57fede34ed,新竹市,89.8萬,2020年,2.0萬km,https://p2.8891.com.tw/2023/01/30/1675051211262020_220_165.jpg
134,Suzuki/Jimny 2023款 1.5L,https://www.8891.com.tw/usedauto-infos-3390688.html?display__sale_code=&flow_id=e4704df7-051f-435a-a591-dc909aeb70ed,台北市,99萬,2022年,18km,https://p1.8891.com.tw/2022/12/28/1/1672232350127093_220_165.jpg
135,Suzuki/Jimny 2015款 1.3L,https://www.8891.com.tw/usedauto-infos-3376017.html?display__sale_code=&flow_id=41010ef3-0968-494b-ae3f-264a39779746,桃園市,40萬,2015年,8.0萬km,https://p1.8891.com.tw/2023/01/08/7/1673150686781183_220_165.jpg
136,Suzuki/Jimny 2022款 1.5L,https://www.8891.com.tw/usedauto-infos-3390232.html?display__sale_code=&flow_id=06d6632d-d6e4-40c0-8ae3-0ec85bed8d7c,新北市,98萬,2022年,9km,https://p2.8891.com.tw/2022/11/29/1669705659634678_220_165.jpg
137,Suzuki/Jimny 2022款 1.5L,https://www.8891.com.tw/usedauto-infos-3389698.html?display__sale_code=&flow_id=1ca95f92-f07a-4840-8d37-1c01eead9da7,新北市,95.8萬,2022年,80km,https://p1.8891.com.tw/2022/12/06/1670312651241131_220_165.jpg
138,Suzuki/Jimny 2022款 1.5L,https://www.8891.com.tw/usedauto-infos-3389282.html?display__sale_code=&flow_id=7b74f0c8-d6d1-4f11-b126-8cbb5805e6b0,台中市,電洽,2021年,200km,https://p2.8891.com.tw/2022/11/25/1669346711695470_220_165.jpg
139,Suzuki/Jimny 2023款 1.5L,https://www.8891.com.tw/usedauto-infos-3388061.html?display__sale_code=&flow_id=2fd5723b-87e5-4f20-8fb7-e5d6d61fbe2e,台北市,92.8萬,2022年,20km,https://p1.8891.com.tw/2023/01/24/5/1674557746286371_220_165.jpg
140,Suzuki/Jimny 2021款 1.5L,https://www.8891.com.tw/usedauto-infos-3387847.html?display__sale_code=&flow_id=4b34444b-5687-4f74-821f-b043116a200d,新北市,88萬,2021年,2.4萬km,https://p1.8891.com.tw/2023/01/23/2/1674469124214983_220_165.jpg
141,Suzuki/Jimny 2021款 1.5L,https://www.8891.com.tw/usedauto-infos-3387352.html?display__sale_code=&flow_id=1699dc73-430e-4c06-8074-09c39f1203a1,桃園市,98萬,2021年,1.4萬km,https://p2.8891.com.tw/2023/01/20/1/1674216336393774_220_165.jpg
142,Suzuki/Jimny 2022款 1.5L,https://www.8891.com.tw/usedauto-infos-3386730.html?display__sale_code=&flow_id=2613cf5f-e8ea-4973-ad4d-0666eff61a65,新北市,98.8萬,2022年,11km,https://p2.8891.com.tw/2023/02/13/1676279068347882_220_165.jpg
143,Suzuki/Jimny 2021款 1.5L,https://www.8891.com.tw/usedauto-infos-3386686.html?display__sale_code=&flow_id=9e2a7d89-f4eb-4504-85c2-00ad4d9d27c5,高雄市,89.5萬,2020年,1.1萬km,https://p1.8891.com.tw/2022/09/28/1664356573586883_220_165.jpg
144,Suzuki/Jimny 2014款 1.3L,https://www.8891.com.tw/usedauto-infos-3386381.html?display__sale_code=&flow_id=d44644ae-26c1-4244-aa5e-fde4ab0e0155,台中市,電洽,2014年,1.7萬km,https://p2.8891.com.tw/2023/01/18/1674054483884730_220_165.jpg
145,Suzuki/Jimny 2021款 1.5L,https://www.8891.com.tw/usedauto-infos-3386334.html?display__sale_code=&flow_id=fa166560-3e83-4c5d-bc33-7e1fecf36e1e,桃園市,86.8萬,2020年,3.0萬km,https://p2.8891.com.tw/2023/01/18/1674043147524642_220_165.jpg
146,Suzuki/Jimny 2023款 1.5L,https://www.8891.com.tw/usedauto-infos-3384977.html?display__sale_code=&flow_id=e39c7a72-b2ad-4214-bb82-bf1452abcfae,屏東縣,94.8萬,2022年,18km,https://p2.8891.com.tw/2023/01/17/1673937335915142_220_165.png
147,Suzuki/Jimny 2023款 1.5L,https://www.8891.com.tw/usedauto-infos-3384972.html?display__sale_code=&flow_id=515a6f92-57b7-43f7-9ce7-69eb94db80ad,屏東縣,94.8萬,2022年,18km,https://p2.8891.com.tw/2023/01/17/1673937225927424_220_165.png
148,Suzuki/Jimny 2023款 1.5L,https://www.8891.com.tw/usedauto-infos-3384971.html?display__sale_code=&flow_id=455dbe31-2376-45e2-acac-4e151307157d,屏東縣,94.8萬,2022年,18km,https://p2.8891.com.tw/2023/01/17/1673937279587730_220_165.png
149,Suzuki/Jimny 2020款 1.5L,https://www.8891.com.tw/usedauto-infos-3379974.html?display__sale_code=&flow_id=c92a0a4e-a60e-467c-bdb7-64f1760a513a,台北市,電洽,2019年,3.4萬km,https://p1.8891.com.tw/2023/01/11/1673449986998641_220_165.jpg
150,Suzuki/Jimny 2020款 1.5L,https://www.8891.com.tw/usedauto-infos-3383415.html?display__sale_code=&flow_id=22860113-41af-4e87-a6d6-bd9e705e0c92,高雄市,89.8萬,2020年,2.0萬km,https://p2.8891.com.tw/2023/01/15/1673768926240762_220_165.jpg
151,Suzuki/Jimny 2020款 1.5L,https://www.8891.com.tw/usedauto-infos-3381301.html?display__sale_code=&flow_id=55e24bc4-1b0d-45f3-a3ab-3bd6363ace6e,桃園市,86.8萬,2020年,4.0萬km,https://p1.8891.com.tw/2023/01/13/1673575897923379_220_165.jpg
152,Suzuki/Jimny 2021款 1.5L,https://www.8891.com.tw/usedauto-infos-3380325.html?display__sale_code=&flow_id=71b71dae-ffeb-4195-b546-47e6b33d3c78,高雄市,95.8萬,2021年,1.0萬km,https://p1.8891.com.tw/2022/09/12/1662954170878851_220_165.jpg
153,Suzuki/Jimny 2022款 1.5L,https://www.8891.com.tw/usedauto-infos-3379440.html?display__sale_code=&flow_id=98c83206-2b77-4dd7-8fcb-2f32506390ac,高雄市,99.8萬,2022年,27km,https://p2.8891.com.tw/2023/01/11/1673420138533598_220_165.jpg
154,Suzuki/Jimny 2022款 1.5L,https://www.8891.com.tw/usedauto-infos-3378562.html?display__sale_code=&flow_id=2b5bb728-9f28-41ac-8a8b-2da6a8366485,新北市,99.6萬,2022年,13km,https://p1.8891.com.tw/2023/02/14/1676343320385641_220_165.jpg
155,Suzuki/Jimny 2019款 1.5L,https://www.8891.com.tw/usedauto-infos-3368988.html?display__sale_code=&flow_id=b94b6667-7ab5-4d9a-9057-96b9948226df,台北市,89.8萬,2019年,3.4萬km,https://p2.8891.com.tw/2023/01/02/1672633424706122_220_165.jpg
156,Suzuki/Jimny 2023款 1.5L,https://www.8891.com.tw/usedauto-infos-3377429.html?display__sale_code=&flow_id=bec877cb-2745-44e8-8137-66756330eec2,高雄市,97萬,2022年,16km,https://p2.8891.com.tw/2023/01/09/1673254352307020_220_165.jpg
157,Suzuki/Jimny 2003款 1.3L,https://www.8891.com.tw/usedauto-infos-3377364.html?display__sale_code=&flow_id=bbdd036b-cee4-4e0e-915a-cfb9029588e6,桃園市,19.8萬,2003年,12.7萬km,https://p2.8891.com.tw/2023/01/09/4/1673252944628466_220_165.jpg
